Source URL,Product Name,Printing,Rarity,Number,Market Price
https://www.tcgplayer.com/categories/trading-and-collectible-card-games/one-piece-card-game/price-guides/romance-dawn,Alvida,Normal,Common,OP01-064,$0.13
https://www.tcgplayer.com/categories/trading-and-collectible-card-games/one-piece-card-game/price-guides/romance-dawn,Alvida (Box Topper),Foil,Common,OP01-064,$1.72
https://www.tcgplayer.com/categories/trading-and-collectible-card-games/one-piece-card-game/price-guides/romance-dawn,Arlong,Normal,Uncommon,OP01-063,$0.08
https://www.tcgplayer.com/categories/trading-and-collectible-card-games/one-piece-card-game/price-guides/romance-dawn,Artificial Devil Fruit SMILE,Normal,Uncommon,OP01-116,$0.08
https://www.tcgplayer.com/categories/trading-and-collectible-card-games/one-piece-card-game/price-guides/romance-dawn,Ashura Doji,Normal,Uncommon,OP01-032,$0.11
https://www.tcgplayer.com/categories/trading-and-collectible-card-games/one-piece-card-game/price-guides/romance-dawn,BE-BENG!!,Normal,Common,OP01-059,$0.06
https://www.tcgplayer.com/categories/trading-and-collectible-card-games/one-piece-card-game/price-guides/romance-dawn,Babanuki,Normal,Common,OP01-107,$0.06
https://www.tcgplayer.com/categories/trading-and-collectible-card-games/one-piece-card-game/price-guides/romance-dawn,Bao Huang,Normal,Common,OP01-105,$0.06
https://www.tcgplayer.com/categories/trading-and-collectible-card-games/one-piece-card-game/price-guides/romance-dawn,Baroque Works,Normal,Uncommon,OP01-090,$0.12
https://www.tcgplayer.com/categories/trading-and-collectible-card-games/one-piece-card-game/price-guides/romance-dawn,Bartholomew Kuma,Foil,Rare,OP01-074,$0.17
https://www.tcgplayer.com/categories/trading-and-collectible-card-games/one-piece-card-game/price-guides/romance-dawn,Bartolomeo,Normal,Common,OP01-019,$0.08
https://www.tcgplayer.com/categories/trading-and-collectible-card-games/one-piece-card-game/price-guides/romance-dawn,Basil Hawkins,Normal,Uncommon,OP01-106,$0.24
https://www.tcgplayer.com/categories/trading-and-collectible-card-games/one-piece-card-game/price-guides/romance-dawn,Bellamy,Normal,Common,OP01-076,$0.06
https://www.tcgplayer.com/categories/trading-and-collectible-card-games/one-piece-card-game/price-guides/romance-dawn,Bepo,Foil,Rare,OP01-049,$0.22
https://www.tcgplayer.com/categories/trading-and-collectible-card-games/one-piece-card-game/price-guides/romance-dawn,Black Maria,Foil,Rare,OP01-111,$0.17
https://www.tcgplayer.com/categories/trading-and-collectible-card-games/one-piece-card-game/price-guides/romance-dawn,Boa Hancock,Foil,Super Rare,OP01-078,$1.44
https://www.tcgplayer.com/categories/trading-and-collectible-card-games/one-piece-card-game/price-guides/romance-dawn,Boa Hancock (Parallel),Foil,Super Rare,OP01-078,$44.70
https://www.tcgplayer.com/categories/trading-and-collectible-card-games/one-piece-card-game/price-guides/romance-dawn,Brook,Normal,Uncommon,OP01-022,$0.21
https://www.tcgplayer.com/categories/trading-and-collectible-card-games/one-piece-card-game/price-guides/romance-dawn,Caesar Clown,Foil,Rare,OP01-069,$0.15
https://www.tcgplayer.com/categories/trading-and-collectible-card-games/one-piece-card-game/price-guides/romance-dawn,Caribou,Normal,Common,OP01-007,$0.07
https://www.tcgplayer.com/categories/trading-and-collectible-card-games/one-piece-card-game/price-guides/romance-dawn,Carrot,Normal,Common,OP01-009,$0.09
https://www.tcgplayer.com/categories/trading-and-collectible-card-games/one-piece-card-game/price-guides/romance-dawn,Cavendish,Normal,Common,OP01-008,$0.07
https://www.tcgplayer.com/categories/trading-and-collectible-card-games/one-piece-card-game/price-guides/romance-dawn,Cavendish (Box Topper),Foil,Common,OP01-008,$0.65
https://www.tcgplayer.com/categories/trading-and-collectible-card-games/one-piece-card-game/price-guides/romance-dawn,Crescent Cutlass,Normal,Common,OP01-089,$0.10
https://www.tcgplayer.com/categories/trading-and-collectible-card-games/one-piece-card-game/price-guides/romance-dawn,Crocodile (062),Normal,Leader,OP01-062,$0.15
https://www.tcgplayer.com/categories/trading-and-collectible-card-games/one-piece-card-game/price-guides/romance-dawn,Crocodile (062) (Parallel),Foil,Leader,OP01-062,$45.21
https://www.tcgplayer.com/categories/trading-and-collectible-card-games/one-piece-card-game/price-guides/romance-dawn,Crocodile (067),Foil,Super Rare,OP01-067,$0.55
https://www.tcgplayer.com/categories/trading-and-collectible-card-games/one-piece-card-game/price-guides/romance-dawn,Crocodile (067) (Parallel),Foil,Super Rare,OP01-067,$8.89
https://www.tcgplayer.com/categories/trading-and-collectible-card-games/one-piece-card-game/price-guides/romance-dawn,DON!! Card (Manga) (Alternate Art),Foil,DON!!,,$1.17
https://www.tcgplayer.com/categories/trading-and-collectible-card-games/one-piece-card-game/price-guides/romance-dawn,DON!! Card // One Piece Film RED Promo,Normal,DON!!,,$0.09
https://www.tcgplayer.com/categories/trading-and-collectible-card-games/one-piece-card-game/price-guides/romance-dawn,Demon Face,Normal,Uncommon,OP01-056,$0.10
https://www.tcgplayer.com/categories/trading-and-collectible-card-games/one-piece-card-game/price-guides/romance-dawn,Denjiro,Foil,Rare,OP01-046,$0.31
https://www.tcgplayer.com/categories/trading-and-collectible-card-games/one-piece-card-game/price-guides/romance-dawn,Desert Spada,Normal,Uncommon,OP01-088,$0.91
https://www.tcgplayer.com/categories/trading-and-collectible-card-games/one-piece-card-game/price-guides/romance-dawn,Donquixote Doflamingo (060),Normal,Leader,OP01-060,$0.40
https://www.tcgplayer.com/categories/trading-and-collectible-card-games/one-piece-card-game/price-guides/romance-dawn,Donquixote Doflamingo (060) (Parallel),Foil,Leader,OP01-060,$273.44
https://www.tcgplayer.com/categories/trading-and-collectible-card-games/one-piece-card-game/price-guides/romance-dawn,Donquixote Doflamingo (073),Foil,Rare,OP01-073,$3.65
https://www.tcgplayer.com/categories/trading-and-collectible-card-games/one-piece-card-game/price-guides/romance-dawn,Donquixote Doflamingo (073) (Parallel),Foil,Rare,OP01-073,$50.98
https://www.tcgplayer.com/categories/trading-and-collectible-card-games/one-piece-card-game/price-guides/romance-dawn,Dracule Mihawk,Foil,Super Rare,OP01-070,$1.74
https://www.tcgplayer.com/categories/trading-and-collectible-card-games/one-piece-card-game/price-guides/romance-dawn,Dracule Mihawk (Parallel),Foil,Super Rare,OP01-070,$27.03
https://www.tcgplayer.com/categories/trading-and-collectible-card-games/one-piece-card-game/price-guides/romance-dawn,Elephant's Marchoo,Normal,Common,OP01-115,$0.05
https://www.tcgplayer.com/categories/trading-and-collectible-card-games/one-piece-card-game/price-guides/romance-dawn,"Eustass""Captain""Kid",Foil,Super Rare,OP01-051,$7.37
https://www.tcgplayer.com/categories/trading-and-collectible-card-games/one-piece-card-game/price-guides/romance-dawn,"Eustass""Captain""Kid (Parallel)",Foil,Super Rare,OP01-051,$37.14
https://www.tcgplayer.com/categories/trading-and-collectible-card-games/one-piece-card-game/price-guides/romance-dawn,Franky,Normal,Uncommon,OP01-021,$0.09
https://www.tcgplayer.com/categories/trading-and-collectible-card-games/one-piece-card-game/price-guides/romance-dawn,Fukurokuju,Normal,Common,OP01-110,$0.07
https://www.tcgplayer.com/categories/trading-and-collectible-card-games/one-piece-card-game/price-guides/romance-dawn,Gecko Moria,Normal,Rare,OP01-068,$0.27
https://www.tcgplayer.com/categories/trading-and-collectible-card-games/one-piece-card-game/price-guides/romance-dawn,Gordon,Normal,Uncommon,OP01-011,$0.11
https://www.tcgplayer.com/categories/trading-and-collectible-card-games/one-piece-card-game/price-guides/romance-dawn,Green Star Rafflesia,Normal,Common,OP01-028,$0.09
https://www.tcgplayer.com/categories/trading-and-collectible-card-games/one-piece-card-game/price-guides/romance-dawn,Gum-Gum Fire-Fist Pistol Red Hawk,Foil,Rare,OP01-026,$0.38
https://www.tcgplayer.com/categories/trading-and-collectible-card-games/one-piece-card-game/price-guides/romance-dawn,Hajrudin,Normal,Common,OP01-018,$0.07
https://www.tcgplayer.com/categories/trading-and-collectible-card-games/one-piece-card-game/price-guides/romance-dawn,Hitokiri Kamazo,Normal,Uncommon,OP01-108,$0.13
https://www.tcgplayer.com/categories/trading-and-collectible-card-games/one-piece-card-game/price-guides/romance-dawn,Holedem,Normal,Common,OP01-113,$0.08
https://www.tcgplayer.com/categories/trading-and-collectible-card-games/one-piece-card-game/price-guides/romance-dawn,Hyogoro,Normal,Common,OP01-020,$0.10
https://www.tcgplayer.com/categories/trading-and-collectible-card-games/one-piece-card-game/price-guides/romance-dawn,In Two Years!! At the Sabaody Archipelago!!,Normal,Uncommon,OP01-030,$0.21
https://www.tcgplayer.com/categories/trading-and-collectible-card-games/one-piece-card-game/price-guides/romance-dawn,Inuarashi,Normal,Common,OP01-034,$0.07
https://www.tcgplayer.com/categories/trading-and-collectible-card-games/one-piece-card-game/price-guides/romance-dawn,Inuarashi (Box Topper),Foil,Common,OP01-034,$1.05
https://www.tcgplayer.com/categories/trading-and-collectible-card-games/one-piece-card-game/price-guides/romance-dawn,Izo,Normal,Uncommon,OP01-033,$1.37
https://www.tcgplayer.com/categories/trading-and-collectible-card-games/one-piece-card-game/price-guides/romance-dawn,Jack,Foil,Rare,OP01-102,$0.19
https://www.tcgplayer.com/categories/trading-and-collectible-card-games/one-piece-card-game/price-guides/romance-dawn,Jack (Parallel),Foil,Rare,OP01-102,$3.99
https://www.tcgplayer.com/categories/trading-and-collectible-card-games/one-piece-card-game/price-guides/romance-dawn,Jean Bart,Normal,Common,OP01-045,$0.07
https://www.tcgplayer.com/categories/trading-and-collectible-card-games/one-piece-card-game/price-guides/romance-dawn,Jinbe (014),Normal,Uncommon,OP01-014,$0.11
https://www.tcgplayer.com/categories/trading-and-collectible-card-games/one-piece-card-game/price-guides/romance-dawn,Jinbe (071),Foil,Rare,OP01-071,$0.15
https://www.tcgplayer.com/categories/trading-and-collectible-card-games/one-piece-card-game/price-guides/romance-dawn,Kaido (061),Normal,Leader,OP01-061,$0.24
https://www.tcgplayer.com/categories/trading-and-collectible-card-games/one-piece-card-game/price-guides/romance-dawn,Kaido (061) (Parallel),Foil,Leader,OP01-061,$54.16
https://www.tcgplayer.com/categories/trading-and-collectible-card-games/one-piece-card-game/price-guides/romance-dawn,Kaido (094),Foil,Super Rare,OP01-094,$1.56
https://www.tcgplayer.com/categories/trading-and-collectible-card-games/one-piece-card-game/price-guides/romance-dawn,Kaido (094) (Parallel),Foil,Super Rare,OP01-094,$18.18
https://www.tcgplayer.com/categories/trading-and-collectible-card-games/one-piece-card-game/price-guides/romance-dawn,Kanjuro,Normal,Common,OP01-038,$0.06
https://www.tcgplayer.com/categories/trading-and-collectible-card-games/one-piece-card-game/price-guides/romance-dawn,Kawamatsu,Normal,Common,OP01-037,$0.05
https://www.tcgplayer.com/categories/trading-and-collectible-card-games/one-piece-card-game/price-guides/romance-dawn,Killer,Normal,Uncommon,OP01-039,$0.21
https://www.tcgplayer.com/categories/trading-and-collectible-card-games/one-piece-card-game/price-guides/romance-dawn,Kin'emon,Foil,Super Rare,OP01-040,$0.34
https://www.tcgplayer.com/categories/trading-and-collectible-card-games/one-piece-card-game/price-guides/romance-dawn,Kin'emon (Parallel),Foil,Super Rare,OP01-040,$3.28
https://www.tcgplayer.com/categories/trading-and-collectible-card-games/one-piece-card-game/price-guides/romance-dawn,King (091),Normal,Leader,OP01-091,$0.19
https://www.tcgplayer.com/categories/trading-and-collectible-card-games/one-piece-card-game/price-guides/romance-dawn,King (091) (Parallel),Foil,Leader,OP01-091,$34.11
https://www.tcgplayer.com/categories/trading-and-collectible-card-games/one-piece-card-game/price-guides/romance-dawn,King (096),Foil,Super Rare,OP01-096,$0.54
https://www.tcgplayer.com/categories/trading-and-collectible-card-games/one-piece-card-game/price-guides/romance-dawn,King (096) (Parallel),Foil,Super Rare,OP01-096,$10.46
https://www.tcgplayer.com/categories/trading-and-collectible-card-games/one-piece-card-game/price-guides/romance-dawn,Komachiyo,Normal,Common,OP01-010,$0.09
https://www.tcgplayer.com/categories/trading-and-collectible-card-games/one-piece-card-game/price-guides/romance-dawn,Komurasaki,Normal,Uncommon,OP01-042,$0.10
https://www.tcgplayer.com/categories/trading-and-collectible-card-games/one-piece-card-game/price-guides/romance-dawn,Kouzuki Momonosuke,Foil,Rare,OP01-041,$0.38
https://www.tcgplayer.com/categories/trading-and-collectible-card-games/one-piece-card-game/price-guides/romance-dawn,Kouzuki Oden,Normal,Leader,OP01-031,$0.18
https://www.tcgplayer.com/categories/trading-and-collectible-card-games/one-piece-card-game/price-guides/romance-dawn,Kouzuki Oden (Parallel),Foil,Leader,OP01-031,$29.07
https://www.tcgplayer.com/categories/trading-and-collectible-card-games/one-piece-card-game/price-guides/romance-dawn,Krieg,Normal,Common,OP01-066,$0.06
https://www.tcgplayer.com/categories/trading-and-collectible-card-games/one-piece-card-game/price-guides/romance-dawn,Kurozumi Higurashi,Normal,Common,OP01-100,$0.09
https://www.tcgplayer.com/categories/trading-and-collectible-card-games/one-piece-card-game/price-guides/romance-dawn,Kurozumi Orochi,Normal,Uncommon,OP01-098,$0.08
https://www.tcgplayer.com/categories/trading-and-collectible-card-games/one-piece-card-game/price-guides/romance-dawn,Kurozumi Semimaru,Normal,Common,OP01-099,$0.05
https://www.tcgplayer.com/categories/trading-and-collectible-card-games/one-piece-card-game/price-guides/romance-dawn,Kyoshirou,Normal,Uncommon,OP01-095,$0.12
https://www.tcgplayer.com/categories/trading-and-collectible-card-games/one-piece-card-game/price-guides/romance-dawn,Marco,Normal,Common,OP01-023,$0.08
https://www.tcgplayer.com/categories/trading-and-collectible-card-games/one-piece-card-game/price-guides/romance-dawn,Miss Doublefinger(Zala),Normal,Common,OP01-080,$0.11
https://www.tcgplayer.com/categories/trading-and-collectible-card-games/one-piece-card-game/price-guides/romance-dawn,Mocha,Normal,Common,OP01-081,$0.06
https://www.tcgplayer.com/categories/trading-and-collectible-card-games/one-piece-card-game/price-guides/romance-dawn,Monet,Normal,Common,OP01-082,$0.05
https://www.tcgplayer.com/categories/trading-and-collectible-card-games/one-piece-card-game/price-guides/romance-dawn,Monkey.D.Luffy (003),Normal,Leader,OP01-003,$0.23
https://www.tcgplayer.com/categories/trading-and-collectible-card-games/one-piece-card-game/price-guides/romance-dawn,Monkey.D.Luffy (003) (Parallel),Foil,Leader,OP01-003,$117.27
https://www.tcgplayer.com/categories/trading-and-collectible-card-games/one-piece-card-game/price-guides/romance-dawn,Monkey.D.Luffy (024),Foil,Super Rare,OP01-024,$0.87
https://www.tcgplayer.com/categories/trading-and-collectible-card-games/one-piece-card-game/price-guides/romance-dawn,Monkey.D.Luffy (024) (Parallel),Foil,Super Rare,OP01-024,$19.62
https://www.tcgplayer.com/categories/trading-and-collectible-card-games/one-piece-card-game/price-guides/romance-dawn,Mr.1 (Daz.Bonez),Normal,Uncommon,OP01-083,$0.12
https://www.tcgplayer.com/categories/trading-and-collectible-card-games/one-piece-card-game/price-guides/romance-dawn,Mr.2.Bon.Kurei (Bentham),Normal,Uncommon,OP01-084,$0.14
https://www.tcgplayer.com/categories/trading-and-collectible-card-games/one-piece-card-game/price-guides/romance-dawn,Mr.3 (Galdino),Normal,Uncommon,OP01-085,$0.11
https://www.tcgplayer.com/categories/trading-and-collectible-card-games/one-piece-card-game/price-guides/romance-dawn,Ms. All Sunday,Foil,Rare,OP01-079,$0.31
https://www.tcgplayer.com/categories/trading-and-collectible-card-games/one-piece-card-game/price-guides/romance-dawn,Nami,Normal,Rare,OP01-016,$0.45
https://www.tcgplayer.com/categories/trading-and-collectible-card-games/one-piece-card-game/price-guides/romance-dawn,Nami (Parallel),Foil,Rare,OP01-016,$172.94
https://www.tcgplayer.com/categories/trading-and-collectible-card-games/one-piece-card-game/price-guides/romance-dawn,Nekomamushi,Normal,Common,OP01-048,$0.08
https://www.tcgplayer.com/categories/trading-and-collectible-card-games/one-piece-card-game/price-guides/romance-dawn,Nekomamushi (Box Topper),Foil,Common,OP01-048,$1.04
https://www.tcgplayer.com/categories/trading-and-collectible-card-games/one-piece-card-game/price-guides/romance-dawn,Nico Robin,Foil,Rare,OP01-017,$0.18
https://www.tcgplayer.com/categories/trading-and-collectible-card-games/one-piece-card-game/price-guides/romance-dawn,Officer Agents,Normal,Common,OP01-087,$0.08
https://www.tcgplayer.com/categories/trading-and-collectible-card-games/one-piece-card-game/price-guides/romance-dawn,Okiku,Foil,Rare,OP01-035,$0.21
https://www.tcgplayer.com/categories/trading-and-collectible-card-games/one-piece-card-game/price-guides/romance-dawn,Otama,Normal,Uncommon,OP01-006,$1.24
https://www.tcgplayer.com/categories/trading-and-collectible-card-games/one-piece-card-game/price-guides/romance-dawn,Otsuru,Normal,Common,OP01-036,$0.07
https://www.tcgplayer.com/categories/trading-and-collectible-card-games/one-piece-card-game/price-guides/romance-dawn,Overheat,Foil,Rare,OP01-086,$0.32
https://www.tcgplayer.com/categories/trading-and-collectible-card-games/one-piece-card-game/price-guides/romance-dawn,Pacifista,Normal,Common,OP01-075,$0.16
https://www.tcgplayer.com/categories/trading-and-collectible-card-games/one-piece-card-game/price-guides/romance-dawn,Page One,Foil,Rare,OP01-112,$0.23
https://www.tcgplayer.com/categories/trading-and-collectible-card-games/one-piece-card-game/price-guides/romance-dawn,Paradise Waterfall,Normal,Uncommon,OP01-057,$0.18
https://www.tcgplayer.com/categories/trading-and-collectible-card-games/one-piece-card-game/price-guides/romance-dawn,Penguin,Normal,Common,OP01-050,$0.09
https://www.tcgplayer.com/categories/trading-and-collectible-card-games/one-piece-card-game/price-guides/romance-dawn,Perona,Normal,Uncommon,OP01-077,$1.33
https://www.tcgplayer.com/categories/trading-and-collectible-card-games/one-piece-card-game/price-guides/romance-dawn,Perona (Box Topper),Foil,Uncommon,OP01-077,$26.07
https://www.tcgplayer.com/categories/trading-and-collectible-card-games/one-piece-card-game/price-guides/romance-dawn,Punk Gibson,Foil,Rare,OP01-058,$0.59
https://www.tcgplayer.com/categories/trading-and-collectible-card-games/one-piece-card-game/price-guides/romance-dawn,Queen,Foil,Rare,OP01-097,$0.19
https://www.tcgplayer.com/categories/trading-and-collectible-card-games/one-piece-card-game/price-guides/romance-dawn,Queen (Parallel),Foil,Rare,OP01-097,$3.82
https://www.tcgplayer.com/categories/trading-and-collectible-card-games/one-piece-card-game/price-guides/romance-dawn,Radical Beam!!,Normal,Uncommon,OP01-029,$1.23
https://www.tcgplayer.com/categories/trading-and-collectible-card-games/one-piece-card-game/price-guides/romance-dawn,Raizo,Normal,Uncommon,OP01-052,$0.12
https://www.tcgplayer.com/categories/trading-and-collectible-card-games/one-piece-card-game/price-guides/romance-dawn,Roronoa Zoro (001),Normal,Leader,OP01-001,$0.71
https://www.tcgplayer.com/categories/trading-and-collectible-card-games/one-piece-card-game/price-guides/romance-dawn,Roronoa Zoro (001) (Parallel),Foil,Leader,OP01-001,$200.48
https://www.tcgplayer.com/categories/trading-and-collectible-card-games/one-piece-card-game/price-guides/romance-dawn,Roronoa Zoro (025),Foil,Super Rare,OP01-025,$1.60
https://www.tcgplayer.com/categories/trading-and-collectible-card-games/one-piece-card-game/price-guides/romance-dawn,Roronoa Zoro (025) (Parallel),Foil,Super Rare,OP01-025,$58.15
https://www.tcgplayer.com/categories/trading-and-collectible-card-games/one-piece-card-game/price-guides/romance-dawn,Round Table,Normal,Common,OP01-027,$0.11
https://www.tcgplayer.com/categories/trading-and-collectible-card-games/one-piece-card-game/price-guides/romance-dawn,Sai,Normal,Common,OP01-012,$0.06
https://www.tcgplayer.com/categories/trading-and-collectible-card-games/one-piece-card-game/price-guides/romance-dawn,Sanji,Foil,Rare,OP01-013,$1.00
https://www.tcgplayer.com/categories/trading-and-collectible-card-games/one-piece-card-game/price-guides/romance-dawn,Sanji (Parallel),Foil,Rare,OP01-013,$24.59
https://www.tcgplayer.com/categories/trading-and-collectible-card-games/one-piece-card-game/price-guides/romance-dawn,Sasaki,Normal,Uncommon,OP01-101,$0.18
https://www.tcgplayer.com/categories/trading-and-collectible-card-games/one-piece-card-game/price-guides/romance-dawn,Scratchmen Apoo,Normal,Common,OP01-103,$0.12
https://www.tcgplayer.com/categories/trading-and-collectible-card-games/one-piece-card-game/price-guides/romance-dawn,Shachi,Normal,Common,OP01-044,$0.08
https://www.tcgplayer.com/categories/trading-and-collectible-card-games/one-piece-card-game/price-guides/romance-dawn,Shanks,Foil,Secret Rare,OP01-120,$4.03
https://www.tcgplayer.com/categories/trading-and-collectible-card-games/one-piece-card-game/price-guides/romance-dawn,Shanks (Parallel),Foil,Secret Rare,OP01-120,$14.20
https://www.tcgplayer.com/categories/trading-and-collectible-card-games/one-piece-card-game/price-guides/romance-dawn,Shanks (Parallel) (Manga) (Alternate Art),Foil,Secret Rare,OP01-120,"$1,085.11"
https://www.tcgplayer.com/categories/trading-and-collectible-card-games/one-piece-card-game/price-guides/romance-dawn,Sheep's Horn,Normal,Common,OP01-117,$0.15
https://www.tcgplayer.com/categories/trading-and-collectible-card-games/one-piece-card-game/price-guides/romance-dawn,Shinobu,Normal,Common,OP01-043,$0.07
https://www.tcgplayer.com/categories/trading-and-collectible-card-games/one-piece-card-game/price-guides/romance-dawn,Smiley,Normal,Common,OP01-072,$0.08
https://www.tcgplayer.com/categories/trading-and-collectible-card-games/one-piece-card-game/price-guides/romance-dawn,Speed,Normal,Common,OP01-104,$0.06
https://www.tcgplayer.com/categories/trading-and-collectible-card-games/one-piece-card-game/price-guides/romance-dawn,Thunder Bagua,Foil,Rare,OP01-119,$0.25
https://www.tcgplayer.com/categories/trading-and-collectible-card-games/one-piece-card-game/price-guides/romance-dawn,Tony Tony.Chopper,Normal,Uncommon,OP01-015,$0.24
https://www.tcgplayer.com/categories/trading-and-collectible-card-games/one-piece-card-game/price-guides/romance-dawn,Trafalgar Law (002),Normal,Leader,OP01-002,$0.46
https://www.tcgplayer.com/categories/trading-and-collectible-card-games/one-piece-card-game/price-guides/romance-dawn,Trafalgar Law (002) (Parallel),Foil,Leader,OP01-002,$185.26
https://www.tcgplayer.com/categories/trading-and-collectible-card-games/one-piece-card-game/price-guides/romance-dawn,Trafalgar Law (047),Foil,Super Rare,OP01-047,$2.89
https://www.tcgplayer.com/categories/trading-and-collectible-card-games/one-piece-card-game/price-guides/romance-dawn,Trafalgar Law (047) (Parallel),Foil,Super Rare,OP01-047,$23.06
https://www.tcgplayer.com/categories/trading-and-collectible-card-games/one-piece-card-game/price-guides/romance-dawn,Ulti,Foil,Rare,OP01-093,$0.20
https://www.tcgplayer.com/categories/trading-and-collectible-card-games/one-piece-card-game/price-guides/romance-dawn,Ulti (Parallel),Foil,Rare,OP01-093,$7.38
https://www.tcgplayer.com/categories/trading-and-collectible-card-games/one-piece-card-game/price-guides/romance-dawn,Ulti-Mortar,Normal,Uncommon,OP01-118,$0.13
https://www.tcgplayer.com/categories/trading-and-collectible-card-games/one-piece-card-game/price-guides/romance-dawn,Urashima,Normal,Common,OP01-092,$0.13
https://www.tcgplayer.com/categories/trading-and-collectible-card-games/one-piece-card-game/price-guides/romance-dawn,Usopp,Foil,Rare,OP01-004,$0.16
https://www.tcgplayer.com/categories/trading-and-collectible-card-games/one-piece-card-game/price-guides/romance-dawn,Uta,Foil,Rare,OP01-005,$0.19
https://www.tcgplayer.com/categories/trading-and-collectible-card-games/one-piece-card-game/price-guides/romance-dawn,Vergo,Normal,Common,OP01-065,$0.09
https://www.tcgplayer.com/categories/trading-and-collectible-card-games/one-piece-card-game/price-guides/romance-dawn,Who's.Who,Normal,Uncommon,OP01-109,$0.13
https://www.tcgplayer.com/categories/trading-and-collectible-card-games/one-piece-card-game/price-guides/romance-dawn,Who's.Who (Box Topper),Foil,Uncommon,OP01-109,$0.52
https://www.tcgplayer.com/categories/trading-and-collectible-card-games/one-piece-card-game/price-guides/romance-dawn,Wire,Normal,Common,OP01-053,$0.06
https://www.tcgplayer.com/categories/trading-and-collectible-card-games/one-piece-card-game/price-guides/romance-dawn,X.Drake (054),Foil,Rare,OP01-054,$0.24
https://www.tcgplayer.com/categories/trading-and-collectible-card-games/one-piece-card-game/price-guides/romance-dawn,X.Drake (114),Foil,Rare,OP01-114,$0.52
https://www.tcgplayer.com/categories/trading-and-collectible-card-games/one-piece-card-game/price-guides/romance-dawn,Yamato,Foil,Secret Rare,OP01-121,$11.28
https://www.tcgplayer.com/categories/trading-and-collectible-card-games/one-piece-card-game/price-guides/romance-dawn,Yamato (Parallel),Foil,Secret Rare,OP01-121,$37.75
https://www.tcgplayer.com/categories/trading-and-collectible-card-games/one-piece-card-game/price-guides/romance-dawn,You Can Be My Samurai!!,Normal,Common,OP01-055,$0.30
https://www.tcgplayer.com/categories/trading-and-collectible-card-games/one-piece-card-game/price-guides/paramount-war,Arabesque Brick Fist,Normal,Uncommon,OP02-067,$0.18
https://www.tcgplayer.com/categories/trading-and-collectible-card-games/one-piece-card-game/price-guides/paramount-war,Atmos,Normal,Common,OP02-003,$0.04
https://www.tcgplayer.com/categories/trading-and-collectible-card-games/one-piece-card-game/price-guides/paramount-war,Bartholomew Kuma,Normal,Uncommon,OP02-057,$0.13
https://www.tcgplayer.com/categories/trading-and-collectible-card-games/one-piece-card-game/price-guides/paramount-war,Bell-mere,Normal,Uncommon,OP02-112,$0.18
https://www.tcgplayer.com/categories/trading-and-collectible-card-games/one-piece-card-game/price-guides/paramount-war,Blenheim,Normal,Common,OP02-012,$0.04
https://www.tcgplayer.com/categories/trading-and-collectible-card-games/one-piece-card-game/price-guides/paramount-war,Blugori,Normal,Common,OP02-084,$0.03
https://www.tcgplayer.com/categories/trading-and-collectible-card-games/one-piece-card-game/price-guides/paramount-war,Boa Hancock,Normal,Uncommon,OP02-059,$0.16
https://www.tcgplayer.com/categories/trading-and-collectible-card-games/one-piece-card-game/price-guides/paramount-war,Boa Hancock (Box Topper),Foil,Uncommon,OP02-059,$3.09
https://www.tcgplayer.com/categories/trading-and-collectible-card-games/one-piece-card-game/price-guides/paramount-war,Borsalino,Foil,Super Rare,OP02-114,$16.48
https://www.tcgplayer.com/categories/trading-and-collectible-card-games/one-piece-card-game/price-guides/paramount-war,Borsalino (Alternate Art),Foil,Super Rare,OP02-114,$43.59
https://www.tcgplayer.com/categories/trading-and-collectible-card-games/one-piece-card-game/price-guides/paramount-war,Brook,Normal,Rare,OP02-040,$0.11
https://www.tcgplayer.com/categories/trading-and-collectible-card-games/one-piece-card-game/price-guides/paramount-war,Buggy,Foil,Rare,OP02-058,$0.35
https://www.tcgplayer.com/categories/trading-and-collectible-card-games/one-piece-card-game/price-guides/paramount-war,Buggy (Alternate Art),Foil,Rare,OP02-058,$8.35
https://www.tcgplayer.com/categories/trading-and-collectible-card-games/one-piece-card-game/price-guides/paramount-war,Byrnndi World,Normal,Uncommon,OP02-082,$0.06
https://www.tcgplayer.com/categories/trading-and-collectible-card-games/one-piece-card-game/price-guides/paramount-war,Cabaji,Normal,Common,OP02-052,$0.04
https://www.tcgplayer.com/categories/trading-and-collectible-card-games/one-piece-card-game/price-guides/paramount-war,Carrot,Foil,Rare,OP02-029,$0.63
https://www.tcgplayer.com/categories/trading-and-collectible-card-games/one-piece-card-game/price-guides/paramount-war,Crocodile,Normal,Common,OP02-053,$0.09
https://www.tcgplayer.com/categories/trading-and-collectible-card-games/one-piece-card-game/price-guides/paramount-war,Curly.Dadan,Normal,Uncommon,OP02-005,$0.28
https://www.tcgplayer.com/categories/trading-and-collectible-card-games/one-piece-card-game/price-guides/paramount-war,DEATH WINK,Normal,Common,OP02-069,$0.13
https://www.tcgplayer.com/categories/trading-and-collectible-card-games/one-piece-card-game/price-guides/paramount-war,DON!! Card (Manga),Normal,DON!!,,$1.32
https://www.tcgplayer.com/categories/trading-and-collectible-card-games/one-piece-card-game/price-guides/paramount-war,DON!! Card // Tutorial App Promo,Normal,DON!!,,$0.05
https://www.tcgplayer.com/categories/trading-and-collectible-card-games/one-piece-card-game/price-guides/paramount-war,Daifugo,Normal,Uncommon,OP02-078,$0.05
https://www.tcgplayer.com/categories/trading-and-collectible-card-games/one-piece-card-game/price-guides/paramount-war,Diable Jambe Venaison Shoot,Normal,Uncommon,OP02-046,$0.08
https://www.tcgplayer.com/categories/trading-and-collectible-card-games/one-piece-card-game/price-guides/paramount-war,Doberman,Normal,Common,OP02-107,$0.04
https://www.tcgplayer.com/categories/trading-and-collectible-card-games/one-piece-card-game/price-guides/paramount-war,Dobon,Normal,Common,OP02-080,$0.03
https://www.tcgplayer.com/categories/trading-and-collectible-card-games/one-piece-card-game/price-guides/paramount-war,Dogura,Normal,Common,OP02-010,$0.04
https://www.tcgplayer.com/categories/trading-and-collectible-card-games/one-piece-card-game/price-guides/paramount-war,Domino,Normal,Common,OP02-081,$0.08
https://www.tcgplayer.com/categories/trading-and-collectible-card-games/one-piece-card-game/price-guides/paramount-war,Donquixote Doflamingo,Normal,Uncommon,OP02-056,$0.13
https://www.tcgplayer.com/categories/trading-and-collectible-card-games/one-piece-card-game/price-guides/paramount-war,Donquixote Rosinante,Normal,Common,OP02-108,$0.10
https://www.tcgplayer.com/categories/trading-and-collectible-card-games/one-piece-card-game/price-guides/paramount-war,Donquixote Rosinante (Box Topper),Foil,Common,OP02-108,$1.22
https://www.tcgplayer.com/categories/trading-and-collectible-card-games/one-piece-card-game/price-guides/paramount-war,Douglas Bullet,Normal,Uncommon,OP02-079,$0.11
https://www.tcgplayer.com/categories/trading-and-collectible-card-games/one-piece-card-game/price-guides/paramount-war,Dracule Mihawk,Normal,Common,OP02-055,$0.10
https://www.tcgplayer.com/categories/trading-and-collectible-card-games/one-piece-card-game/price-guides/paramount-war,Edward.Newgate (001),Normal,Leader,OP02-001,$0.25
https://www.tcgplayer.com/categories/trading-and-collectible-card-games/one-piece-card-game/price-guides/paramount-war,Edward.Newgate (001) (Alternate Art),Foil,Leader,OP02-001,$91.19
https://www.tcgplayer.com/categories/trading-and-collectible-card-games/one-piece-card-game/price-guides/paramount-war,Edward.Newgate (004),Foil,Super Rare,OP02-004,$10.69
https://www.tcgplayer.com/categories/trading-and-collectible-card-games/one-piece-card-game/price-guides/paramount-war,Edward.Newgate (004) (Alternate Art),Foil,Super Rare,OP02-004,$45.79
https://www.tcgplayer.com/categories/trading-and-collectible-card-games/one-piece-card-game/price-guides/paramount-war,Emporio.Ivankov (049),Normal,Leader,OP02-049,$0.17
https://www.tcgplayer.com/categories/trading-and-collectible-card-games/one-piece-card-game/price-guides/paramount-war,Emporio.Ivankov (049) (Alternate Art),Foil,Leader,OP02-049,$38.10
https://www.tcgplayer.com/categories/trading-and-collectible-card-games/one-piece-card-game/price-guides/paramount-war,Emporio.Ivankov (051),Foil,Super Rare,OP02-051,$0.48
https://www.tcgplayer.com/categories/trading-and-collectible-card-games/one-piece-card-game/price-guides/paramount-war,Emporio.Ivankov (051) (Alternate Art),Foil,Super Rare,OP02-051,$5.52
https://www.tcgplayer.com/categories/trading-and-collectible-card-games/one-piece-card-game/price-guides/paramount-war,Franky,Normal,Common,OP02-039,$0.04
https://www.tcgplayer.com/categories/trading-and-collectible-card-games/one-piece-card-game/price-guides/paramount-war,Fullbody,Normal,Common,OP02-111,$0.04
https://www.tcgplayer.com/categories/trading-and-collectible-card-games/one-piece-card-game/price-guides/paramount-war,Gecko Moria,Normal,Common,OP02-054,$0.13
https://www.tcgplayer.com/categories/trading-and-collectible-card-games/one-piece-card-game/price-guides/paramount-war,Gum-Gum Rain,Foil,Rare,OP02-068,$1.32
https://www.tcgplayer.com/categories/trading-and-collectible-card-games/one-piece-card-game/price-guides/paramount-war,Hannyabal,Foil,Rare,OP02-083,$0.17
https://www.tcgplayer.com/categories/trading-and-collectible-card-games/one-piece-card-game/price-guides/paramount-war,Helmeppo,Normal,Uncommon,OP02-113,$0.10
https://www.tcgplayer.com/categories/trading-and-collectible-card-games/one-piece-card-game/price-guides/paramount-war,Hina,Foil,Rare,OP02-110,$0.20
https://www.tcgplayer.com/categories/trading-and-collectible-card-games/one-piece-card-game/price-guides/paramount-war,Hydra,Normal,Uncommon,OP02-090,$0.10
https://www.tcgplayer.com/categories/trading-and-collectible-card-games/one-piece-card-game/price-guides/paramount-war,Ice Age,Normal,Uncommon,OP02-117,$4.21
https://www.tcgplayer.com/categories/trading-and-collectible-card-games/one-piece-card-game/price-guides/paramount-war,Impel Down,Normal,Common,OP02-092,$0.07
https://www.tcgplayer.com/categories/trading-and-collectible-card-games/one-piece-card-game/price-guides/paramount-war,Impel Down All Stars,Normal,Common,OP02-066,$0.18
https://www.tcgplayer.com/categories/trading-and-collectible-card-games/one-piece-card-game/price-guides/paramount-war,Inazuma,Foil,Rare,OP02-050,$0.17
https://www.tcgplayer.com/categories/trading-and-collectible-card-games/one-piece-card-game/price-guides/paramount-war,Inuarashi,Normal,Uncommon,OP02-027,$0.11
https://www.tcgplayer.com/categories/trading-and-collectible-card-games/one-piece-card-game/price-guides/paramount-war,Isuka,Normal,Uncommon,OP02-094,$0.11
https://www.tcgplayer.com/categories/trading-and-collectible-card-games/one-piece-card-game/price-guides/paramount-war,Jaguar.D.Saul,Normal,Common,OP02-109,$0.03
https://www.tcgplayer.com/categories/trading-and-collectible-card-games/one-piece-card-game/price-guides/paramount-war,Jango,Normal,Common,OP02-100,$0.04
https://www.tcgplayer.com/categories/trading-and-collectible-card-games/one-piece-card-game/price-guides/paramount-war,Jinbe,Normal,Common,OP02-033,$0.05
https://www.tcgplayer.com/categories/trading-and-collectible-card-games/one-piece-card-game/price-guides/paramount-war,Jozu,Normal,Rare,OP02-008,$3.89
https://www.tcgplayer.com/categories/trading-and-collectible-card-games/one-piece-card-game/price-guides/paramount-war,Judgment of Hell,Foil,Rare,OP02-089,$0.20
https://www.tcgplayer.com/categories/trading-and-collectible-card-games/one-piece-card-game/price-guides/paramount-war,Kin'emon,Normal,Leader,OP02-025,$0.16
https://www.tcgplayer.com/categories/trading-and-collectible-card-games/one-piece-card-game/price-guides/paramount-war,Kin'emon (Alternate Art),Foil,Leader,OP02-025,$23.33
https://www.tcgplayer.com/categories/trading-and-collectible-card-games/one-piece-card-game/price-guides/paramount-war,Kingdew,Normal,Common,OP02-006,$0.08
https://www.tcgplayer.com/categories/trading-and-collectible-card-games/one-piece-card-game/price-guides/paramount-war,Koby,Foil,Rare,OP02-098,$0.21
https://www.tcgplayer.com/categories/trading-and-collectible-card-games/one-piece-card-game/price-guides/paramount-war,Komille,Normal,Common,OP02-097,$0.02
https://www.tcgplayer.com/categories/trading-and-collectible-card-games/one-piece-card-game/price-guides/paramount-war,Kouzuki Oden,Foil,Super Rare,OP02-030,$0.63
https://www.tcgplayer.com/categories/trading-and-collectible-card-games/one-piece-card-game/price-guides/paramount-war,Kouzuki Oden (Alternate Art),Foil,Super Rare,OP02-030,$5.33
https://www.tcgplayer.com/categories/trading-and-collectible-card-games/one-piece-card-game/price-guides/paramount-war,Kouzuki Toki,Normal,Uncommon,OP02-031,$0.11
https://www.tcgplayer.com/categories/trading-and-collectible-card-games/one-piece-card-game/price-guides/paramount-war,Kouzuki Toki (Box Topper),Foil,Uncommon,OP02-031,$1.06
https://www.tcgplayer.com/categories/trading-and-collectible-card-games/one-piece-card-game/price-guides/paramount-war,Kuzan (096),Foil,Super Rare,OP02-096,$22.22
https://www.tcgplayer.com/categories/trading-and-collectible-card-games/one-piece-card-game/price-guides/paramount-war,Kuzan (096) (Alternate Art),Foil,Super Rare,OP02-096,$59.93
https://www.tcgplayer.com/categories/trading-and-collectible-card-games/one-piece-card-game/price-guides/paramount-war,Kuzan (121),Foil,Secret Rare,OP02-121,$23.42
https://www.tcgplayer.com/categories/trading-and-collectible-card-games/one-piece-card-game/price-guides/paramount-war,Kuzan (121) (Alternate Art),Foil,Secret Rare,OP02-121,$45.35
https://www.tcgplayer.com/categories/trading-and-collectible-card-games/one-piece-card-game/price-guides/paramount-war,Land of Wano,Normal,Common,OP02-048,$0.08
https://www.tcgplayer.com/categories/trading-and-collectible-card-games/one-piece-card-game/price-guides/paramount-war,Little Sadi,Foil,Rare,OP02-073,$0.20
https://www.tcgplayer.com/categories/trading-and-collectible-card-games/one-piece-card-game/price-guides/paramount-war,Little Sadi (Alternate Art),Foil,Rare,OP02-073,$6.04
https://www.tcgplayer.com/categories/trading-and-collectible-card-games/one-piece-card-game/price-guides/paramount-war,LittleOars Jr.,Normal,Common,OP02-020,$0.07
https://www.tcgplayer.com/categories/trading-and-collectible-card-games/one-piece-card-game/price-guides/paramount-war,Magellan (071),Normal,Leader,OP02-071,$0.17
https://www.tcgplayer.com/categories/trading-and-collectible-card-games/one-piece-card-game/price-guides/paramount-war,Magellan (071) (Alternate Art),Foil,Leader,OP02-071,$27.46
https://www.tcgplayer.com/categories/trading-and-collectible-card-games/one-piece-card-game/price-guides/paramount-war,Magellan (085),Foil,Super Rare,OP02-085,$4.40
https://www.tcgplayer.com/categories/trading-and-collectible-card-games/one-piece-card-game/price-guides/paramount-war,Magellan (085) (Alternate Art),Foil,Super Rare,OP02-085,$22.05
https://www.tcgplayer.com/categories/trading-and-collectible-card-games/one-piece-card-game/price-guides/paramount-war,Magura,Normal,Common,OP02-016,$0.10
https://www.tcgplayer.com/categories/trading-and-collectible-card-games/one-piece-card-game/price-guides/paramount-war,Makino,Normal,Uncommon,OP02-015,$1.33
https://www.tcgplayer.com/categories/trading-and-collectible-card-games/one-piece-card-game/price-guides/paramount-war,Marco,Foil,Rare,OP02-018,$0.95
https://www.tcgplayer.com/categories/trading-and-collectible-card-games/one-piece-card-game/price-guides/paramount-war,Marco (Alternate Art),Foil,Rare,OP02-018,$22.26
https://www.tcgplayer.com/categories/trading-and-collectible-card-games/one-piece-card-game/price-guides/paramount-war,Masked Deuce,Foil,Rare,OP02-017,$0.09
https://www.tcgplayer.com/categories/trading-and-collectible-card-games/one-piece-card-game/price-guides/paramount-war,Masked Deuce (Alternate Art),Foil,Rare,OP02-017,$1.94
https://www.tcgplayer.com/categories/trading-and-collectible-card-games/one-piece-card-game/price-guides/paramount-war,Meteor Volcano,Foil,Rare,OP02-119,$0.16
https://www.tcgplayer.com/categories/trading-and-collectible-card-games/one-piece-card-game/price-guides/paramount-war,Minokoala,Normal,Uncommon,OP02-086,$0.18
https://www.tcgplayer.com/categories/trading-and-collectible-card-games/one-piece-card-game/price-guides/paramount-war,Minokoala (Box Topper),Foil,Uncommon,OP02-086,$1.13
https://www.tcgplayer.com/categories/trading-and-collectible-card-games/one-piece-card-game/price-guides/paramount-war,Minotaur,Normal,Uncommon,OP02-087,$0.13
https://www.tcgplayer.com/categories/trading-and-collectible-card-games/one-piece-card-game/price-guides/paramount-war,Moby Dick,Normal,Common,OP02-024,$0.09
https://www.tcgplayer.com/categories/trading-and-collectible-card-games/one-piece-card-game/price-guides/paramount-war,Mohji,Normal,Common,OP02-060,$0.06
https://www.tcgplayer.com/categories/trading-and-collectible-card-games/one-piece-card-game/price-guides/paramount-war,Monkey.D.Garp (002),Normal,Leader,OP02-002,$0.19
https://www.tcgplayer.com/categories/trading-and-collectible-card-games/one-piece-card-game/price-guides/paramount-war,Monkey.D.Garp (002) (Alternate Art),Foil,Leader,OP02-002,$57.71
https://www.tcgplayer.com/categories/trading-and-collectible-card-games/one-piece-card-game/price-guides/paramount-war,Monkey.D.Garp (115),Foil,Rare,OP02-115,$0.18
https://www.tcgplayer.com/categories/trading-and-collectible-card-games/one-piece-card-game/price-guides/paramount-war,Monkey.D.Garp (115) (Alternate Art),Foil,Rare,OP02-115,$6.52
https://www.tcgplayer.com/categories/trading-and-collectible-card-games/one-piece-card-game/price-guides/paramount-war,Monkey.D.Luffy (041),Normal,Rare,OP02-041,$0.13
https://www.tcgplayer.com/categories/trading-and-collectible-card-games/one-piece-card-game/price-guides/paramount-war,Monkey.D.Luffy (041) (Alternate Art),Foil,Rare,OP02-041,$19.59
https://www.tcgplayer.com/categories/trading-and-collectible-card-games/one-piece-card-game/price-guides/paramount-war,Monkey.D.Luffy (062),Foil,Super Rare,OP02-062,$0.69
https://www.tcgplayer.com/categories/trading-and-collectible-card-games/one-piece-card-game/price-guides/paramount-war,Monkey.D.Luffy (062) (Alternate Art),Foil,Super Rare,OP02-062,$10.98
https://www.tcgplayer.com/categories/trading-and-collectible-card-games/one-piece-card-game/price-guides/paramount-war,Morley,Normal,Uncommon,OP02-061,$0.05
https://www.tcgplayer.com/categories/trading-and-collectible-card-games/one-piece-card-game/price-guides/paramount-war,Mr.1 (Daz.Bonez),Normal,Uncommon,OP02-063,$0.33
https://www.tcgplayer.com/categories/trading-and-collectible-card-games/one-piece-card-game/price-guides/paramount-war,Mr.2.Bon.Kurei (Bentham),Foil,Rare,OP02-064,$0.18
https://www.tcgplayer.com/categories/trading-and-collectible-card-games/one-piece-card-game/price-guides/paramount-war,Mr.3 (Galdino),Foil,Rare,OP02-065,$0.15
https://www.tcgplayer.com/categories/trading-and-collectible-card-games/one-piece-card-game/price-guides/paramount-war,Nami,Foil,Super Rare,OP02-036,$7.11
https://www.tcgplayer.com/categories/trading-and-collectible-card-games/one-piece-card-game/price-guides/paramount-war,Nami (Alternate Art),Foil,Super Rare,OP02-036,$19.14
https://www.tcgplayer.com/categories/trading-and-collectible-card-games/one-piece-card-game/price-guides/paramount-war,Nekomamushi,Normal,Common,OP02-038,$0.07
https://www.tcgplayer.com/categories/trading-and-collectible-card-games/one-piece-card-game/price-guides/paramount-war,New Kama Land,Normal,Common,OP02-070,$0.04
https://www.tcgplayer.com/categories/trading-and-collectible-card-games/one-piece-card-game/price-guides/paramount-war,Nico Robin,Normal,Uncommon,OP02-037,$0.08
https://www.tcgplayer.com/categories/trading-and-collectible-card-games/one-piece-card-game/price-guides/paramount-war,Onigumo,Normal,Uncommon,OP02-095,$0.06
https://www.tcgplayer.com/categories/trading-and-collectible-card-games/one-piece-card-game/price-guides/paramount-war,Paradise Totsuka,Foil,Rare,OP02-047,$0.17
https://www.tcgplayer.com/categories/trading-and-collectible-card-games/one-piece-card-game/price-guides/paramount-war,Portgas.D.Ace,Foil,Super Rare,OP02-013,$4.42
https://www.tcgplayer.com/categories/trading-and-collectible-card-games/one-piece-card-game/price-guides/paramount-war,Portgas.D.Ace (Parallel),Foil,Super Rare,OP02-013,$41.74
https://www.tcgplayer.com/categories/trading-and-collectible-card-games/one-piece-card-game/price-guides/paramount-war,Portgas.D.Ace (Parallel) (Manga) (Alternate Art),Foil,Super Rare,OP02-013,$790.85
https://www.tcgplayer.com/categories/trading-and-collectible-card-games/one-piece-card-game/price-guides/paramount-war,Rakuyo,Normal,Uncommon,OP02-019,$0.12
https://www.tcgplayer.com/categories/trading-and-collectible-card-games/one-piece-card-game/price-guides/paramount-war,Roronoa Zoro,Normal,Common,OP02-043,$0.06
https://www.tcgplayer.com/categories/trading-and-collectible-card-games/one-piece-card-game/price-guides/paramount-war,Sakazuki,Foil,Super Rare,OP02-099,$1.28
https://www.tcgplayer.com/categories/trading-and-collectible-card-games/one-piece-card-game/price-guides/paramount-war,Sakazuki (Alternate Art),Foil,Super Rare,OP02-099,$16.34
https://www.tcgplayer.com/categories/trading-and-collectible-card-games/one-piece-card-game/price-guides/paramount-war,Saldeath,Normal,Common,OP02-074,$0.05
https://www.tcgplayer.com/categories/trading-and-collectible-card-games/one-piece-card-game/price-guides/paramount-war,Sanji,Normal,Leader,OP02-026,$0.22
https://www.tcgplayer.com/categories/trading-and-collectible-card-games/one-piece-card-game/price-guides/paramount-war,Sanji (Alternate Art),Foil,Leader,OP02-026,$42.12
https://www.tcgplayer.com/categories/trading-and-collectible-card-games/one-piece-card-game/price-guides/paramount-war,Seaquake,Foil,Rare,OP02-021,$0.50
https://www.tcgplayer.com/categories/trading-and-collectible-card-games/one-piece-card-game/price-guides/paramount-war,Sengoku,Foil,Rare,OP02-103,$0.17
https://www.tcgplayer.com/categories/trading-and-collectible-card-games/one-piece-card-game/price-guides/paramount-war,Sentomaru,Normal,Common,OP02-104,$0.04
https://www.tcgplayer.com/categories/trading-and-collectible-card-games/one-piece-card-game/price-guides/paramount-war,Shiki,Foil,Rare,OP02-075,$0.22
https://www.tcgplayer.com/categories/trading-and-collectible-card-games/one-piece-card-game/price-guides/paramount-war,Shiryu,Foil,Rare,OP02-076,$0.17
https://www.tcgplayer.com/categories/trading-and-collectible-card-games/one-piece-card-game/price-guides/paramount-war,Shishilian,Normal,Uncommon,OP02-032,$0.12
https://www.tcgplayer.com/categories/trading-and-collectible-card-games/one-piece-card-game/price-guides/paramount-war,Smoker (093),Normal,Leader,OP02-093,$0.20
https://www.tcgplayer.com/categories/trading-and-collectible-card-games/one-piece-card-game/price-guides/paramount-war,Smoker (093) (Alternate Art),Foil,Leader,OP02-093,$95.35
https://www.tcgplayer.com/categories/trading-and-collectible-card-games/one-piece-card-game/price-guides/paramount-war,Smoker (102),Foil,Rare,OP02-102,$0.13
https://www.tcgplayer.com/categories/trading-and-collectible-card-games/one-piece-card-game/price-guides/paramount-war,Solitaire,Normal,Common,OP02-077,$0.06
https://www.tcgplayer.com/categories/trading-and-collectible-card-games/one-piece-card-game/price-guides/paramount-war,Sphinx,Normal,Common,OP02-088,$0.05
https://www.tcgplayer.com/categories/trading-and-collectible-card-games/one-piece-card-game/price-guides/paramount-war,Squard,Normal,Uncommon,OP02-009,$0.07
https://www.tcgplayer.com/categories/trading-and-collectible-card-games/one-piece-card-game/price-guides/paramount-war,Squard (Box Topper),Foil,Uncommon,OP02-009,$0.50
https://www.tcgplayer.com/categories/trading-and-collectible-card-games/one-piece-card-game/price-guides/paramount-war,Strawberry,Normal,Common,OP02-101,$0.05
https://www.tcgplayer.com/categories/trading-and-collectible-card-games/one-piece-card-game/price-guides/paramount-war,Tashigi,Normal,Common,OP02-105,$0.11
https://www.tcgplayer.com/categories/trading-and-collectible-card-games/one-piece-card-game/price-guides/paramount-war,Tashigi (Box Topper),Foil,Common,OP02-105,$1.20
https://www.tcgplayer.com/categories/trading-and-collectible-card-games/one-piece-card-game/price-guides/paramount-war,Thatch,Normal,Common,OP02-007,$0.06
https://www.tcgplayer.com/categories/trading-and-collectible-card-games/one-piece-card-game/price-guides/paramount-war,Three Sword Style Oni Giri,Normal,Common,OP02-045,$0.05
https://www.tcgplayer.com/categories/trading-and-collectible-card-games/one-piece-card-game/price-guides/paramount-war,Tony Tony.Chopper,Normal,Uncommon,OP02-034,$0.10
https://www.tcgplayer.com/categories/trading-and-collectible-card-games/one-piece-card-game/price-guides/paramount-war,Trafalgar Law,Normal,Common,OP02-035,$0.07
https://www.tcgplayer.com/categories/trading-and-collectible-card-games/one-piece-card-game/price-guides/paramount-war,Tsuru,Normal,Uncommon,OP02-106,$2.33
https://www.tcgplayer.com/categories/trading-and-collectible-card-games/one-piece-card-game/price-guides/paramount-war,Usopp,Normal,Common,OP02-028,$0.06
https://www.tcgplayer.com/categories/trading-and-collectible-card-games/one-piece-card-game/price-guides/paramount-war,Uta,Foil,Secret Rare,OP02-120,$2.80
https://www.tcgplayer.com/categories/trading-and-collectible-card-games/one-piece-card-game/price-guides/paramount-war,Uta (Alternate Art),Foil,Secret Rare,OP02-120,$12.52
https://www.tcgplayer.com/categories/trading-and-collectible-card-games/one-piece-card-game/price-guides/paramount-war,Venom Road,Normal,Common,OP02-091,$0.06
https://www.tcgplayer.com/categories/trading-and-collectible-card-games/one-piece-card-game/price-guides/paramount-war,Vista,Normal,Rare,OP02-011,$4.39
https://www.tcgplayer.com/categories/trading-and-collectible-card-games/one-piece-card-game/price-guides/paramount-war,Wanda,Normal,Common,OP02-044,$0.07
https://www.tcgplayer.com/categories/trading-and-collectible-card-games/one-piece-card-game/price-guides/paramount-war,Whitebeard Pirates,Normal,Uncommon,OP02-022,$0.21
https://www.tcgplayer.com/categories/trading-and-collectible-card-games/one-piece-card-game/price-guides/paramount-war,Whitey Bay,Normal,Uncommon,OP02-014,$0.10
https://www.tcgplayer.com/categories/trading-and-collectible-card-games/one-piece-card-game/price-guides/paramount-war,Yamakaji,Normal,Common,OP02-116,$0.03
https://www.tcgplayer.com/categories/trading-and-collectible-card-games/one-piece-card-game/price-guides/paramount-war,Yamato,Foil,Rare,OP02-042,$0.28
https://www.tcgplayer.com/categories/trading-and-collectible-card-games/one-piece-card-game/price-guides/paramount-war,Yasakani Sacred Jewel,Normal,Common,OP02-118,$0.10
https://www.tcgplayer.com/categories/trading-and-collectible-card-games/one-piece-card-game/price-guides/paramount-war,You May Be a Fool...but I Still Love You,Normal,Common,OP02-023,$0.06
https://www.tcgplayer.com/categories/trading-and-collectible-card-games/one-piece-card-game/price-guides/paramount-war,Zephyr,Normal,Leader,OP02-072,$0.16
https://www.tcgplayer.com/categories/trading-and-collectible-card-games/one-piece-card-game/price-guides/paramount-war,Zephyr (Alternate Art),Foil,Leader,OP02-072,$23.20
